0,1,2,3,4,5,6,7,8,9,10,11
1.2005256648943097,0.5183596463883253,-1.1423667100142187,-0.12465070685563157,1.024360634235584,-0.6929977235901559,0.16645896038505298,0.13139008888646483,0.7168786800351266,0.35673748284953916,1.0517658232306228,0.30136346967123523
2.767722407265232,0.8371363844791658,0.10749936229019155,-0.6946398039135532,-0.8478228719552835,-0.4968565727731858,-0.7456504668588724,-0.654444211161419,-0.6276523416149958,0.13722239387402554,-0.2044093124890606,-0.00712629806538117
2.2229798448597364,-1.0808334182990296,0.47859577450083113,-0.12220873014005464,0.48706829147039193,-0.4942393486110254,1.05640691625015,-0.00503916782195188,-0.20643808942661734,0.06030993331292351,-0.29939021048820114,0.18354484408523689
-1.0723989445728634,-0.4835440559571546,-1.173460912181176,2.6090907317779815,1.6380609493349978,0.42628346996486505,-0.8679699396803068,-0.3530123555507677,0.046720074774484456,0.3367458548807743,-0.19412126962634527,-0.21677963183268406
-1.637182636615246,-0.33847326897992736,-0.9267546958487254,0.815571821144602,0.25411550888350565,-0.9573120044263571,-0.22729521381659296,-0.5358957236913465,0.1354866374843376,-0.4871414913475884,0.18752153343768216,0.6929312446035357
-1.5068133894608682,0.2750516955639303,0.04098100108345307,-0.2083771624681554,0.9848873495735293,0.49802754688528383,0.3839124527085752,-0.47778058015236824,-0.3800677702334945,-0.19730829415393847,0.28421395342950584,0.6287589389876364
1.4156460965375963,0.5244867467372866,-0.6008425411155432,1.0007009179270006,1.7057971542486472,-0.666781407014363,0.1048977855161682,-0.9408411969513258,-0.2239484141157608,-0.3975879272002573,0.31336916012136296,-0.38121210340768663
-0.2708497692579663,1.1493161540568047,1.7982334704099903,0.6993118783385023,-0.19169364930301527,0.9053390935236983,0.45067789196948155,-1.1404217963803593,-0.43544921628707456,0.51338306476083,-0.06910324430844131,-0.2105436614782797
1.0767194663524327,0.07940491915655495,0.27782498804656097,-0.11073070721752981,0.31363947515914714,-0.49133836912430096,0.7364514799958661,0.7705312633141849,-0.23159006059027762,-0.682578353713543,0.09545264487656914,-0.3354878331148443
1.3150566582542718,-0.8073138006926139,-1.417698582567045,1.133995790149917,0.1639139439056617,-0.5540001302128743,1.0489491808563374,-0.3609244887456723,0.7414664870495615,0.8143253480408872,0.6325142482832972,0.06742747272611496
0.02672457168795325,-0.49616371961519673,-0.7706070959394709,-0.9215778539803523,-0.32622984210047257,0.429819485573686,0.02919559956584212,0.5286432135125124,-0.836147535280061,-0.4038255917204377,0.4150627258441974,-0.5662708082707587
0.30627044146299043,1.0155580188763111,0.2218897777657404,0.3791874295395827,0.34370035194618864,-0.6923977491681476,-0.7010510481898875,0.284075997991535,-0.6594838615169879,-0.34875906446510757,0.3090743413877329,0.7400134403958344
0.5337741520280119,0.02578006560417588,0.30892725354612477,-0.21015391014121096,-0.49055212248868585,-0.7064006652367731,-0.06956474668807006,0.7786099473911506,0.3541212934361662,1.6316882700078295,0.09189828952107765,0.2580575032662274
-1.929061787923534,0.09436418421438507,0.3382043047524091,0.6306381242547577,-0.32105067395902565,0.8529195699858817,0.4737543077608495,0.44901822987504164,0.39277801704709775,-0.6588926460699006,0.16281371907886996,0.7376770526151606
-0.3999618613230654,0.989980998121139,-2.462577178971432,-0.48800481175893695,-0.6616508577845844,0.9070212525085766,-0.04232929390110729,0.6889263964817918,1.1275898921168792,0.45134690044184017,0.10978270781652681,-0.2565647452896751
-0.7658689952627374,0.17895509299250445,-2.058786679122397,-0.5840754269339801,1.0255136776664402,0.4476403382523299,-0.06958671637588734,-0.44355464299990316,-0.09894838924583882,0.17942126455803778,-0.6062231392952974,-0.2771846598685144
-1.2448961440410145,-0.8811336382200652,0.17854071757193235,0.6044483227421992,0.614041066351482,0.6561717739313863,0.5557548218626861,0.5430372163258629,0.18974918526049256,-0.5028586606910421,0.3393056384022388,0.8714473123910588
-0.4665578392466773,0.3411632291715215,-0.5485840358461189,-0.03965392087476889,0.21506991166145278,0.5750281020368554,-0.061312817261934285,-0.8495265462844774,-0.23134864733011987,-0.42452403973269204,0.25826817997564955,-0.6286129115801288
-0.9818975124920711,0.3077323973992444,0.5164306229839515,-0.22530642243503932,-0.2077335865932028,0.6236744726812482,-1.2038321288776455,-0.2351464993457333,0.6056563198224691,-0.03296864303123338,-0.44131699989054224,-0.22401036187344858
-1.5201548500494362,0.6143833768098987,0.02384529063064381,0.3119063353312616,0.2637166907861299,0.5954985472416222,-0.26095902434204377,-0.451653538587784,-0.19295052555889308,-0.3253615460124955,0.31077552589193796,0.6069646486840492
0.7502693873969392,-1.0221515067497084,0.5612419681745807,-0.5198357638244184,0.9549193640321718,-1.0125874893057487,0.4549277603927891,-0.269389664325326,-0.7923732886569079,0.7277383629664002,-0.29835237925840896,0.6808554418473923
-0.024478379509390087,1.776810894080039,-0.5558400179995395,-0.025334282868136944,0.24055123935630948,-0.6273337492909358,-0.11754886135976789,-0.26359278477995135,0.608625494485134,0.43333527240936665,0.8382422691516352,0.06837117892656056
0.10101380642483704,0.3851725206459571,0.7355884183626654,0.49083782083439315,1.162175725197121,-0.798753011965646,-0.2149427554121364,0.22790281771673584,-0.6893948568238815,-0.21805322671649452,0.35710926865814957,0.7715175855142351
0.3223616210434988,0.04152514529824407,-1.0293345525843691,0.8727861143607818,1.7236972468711695,-0.40538800579448697,0.8568826841111086,0.09892722759473226,0.8945042758845377,-0.27250047271180766,-0.8118027815994883,0.045306678990497076
1.816707912492863,-1.2183690176718351,-0.26474251094508916,0.10529356480210571,-0.057261781371355756,-0.5643779524603891,0.7868981999833732,0.04408745213018427,-0.20931436550953153,0.009751490133010215,-0.31419376286527095,0.13498604015234691
-0.6984585638378833,-0.8338341195012322,-0.14499086712062625,0.21213028918192273,1.0338355105971258,0.27965838342828986,-0.7826939577139728,0.44957469442618525,-0.4696338928377718,0.37129081339276004,-0.2811743415935439,-0.23947616741641925
-1.2469344403217584,1.6370078959601098,1.477981517039179,0.052469249990807286,0.6976555522036179,0.8136702480993298,-0.14750886440277788,-0.06113834781620734,0.07593501618790241,0.29191591870936745,-0.44947288871458907,-0.2757912941533133
1.913428924487948,-0.06661798040211449,-0.908723483732645,-0.9308122395345292,1.0582506652092123,0.5876122090576322,-1.1331309740082727,-0.7591365963643556,0.13522869967942766,-0.44494153097719147,0.2005909047536435,0.33227881287047034
-0.9402499585624198,0.4438838413923264,-1.172762787733227,1.0485642320539148,-0.19391391126167004,0.5811759754037477,-0.4431630055105299,-0.8474695789443444,-0.21481869011630023,-0.4530194026450571,0.29020349906914256,-0.6942028030829455
0.6180910687268304,-3.133971626360034,0.07566143760925417,0.6712035295466054,-0.9473969635525716,-0.8907658639569115,-0.04244332560966568,0.10672873259186937,0.3646134560020962,-0.14307799828614956,-0.17584745267842367,0.1428742736770944
0.5611432829708024,0.7415572477298589,-0.508518049271316,-0.9790672210475214,1.3494125263644854,0.6548612151782295,0.06132751542067113,-0.7688525758583745,-0.14897060355625819,-0.2580002043773479,0.014707525766923163,0.16787799748459917
0.15940932000334757,-0.552664599006169,0.18729600982441774,-0.049820132335796095,0.14047351372163316,0.8501789860032822,1.6911198749792897,-0.37926033942050097,0.6140505927780532,0.9776011281327872,0.6163902596041626,-0.09570586576926715
-0.339044877701433,2.170558138886967,0.8698621028173045,-0.5981057929566793,0.4024209216299058,0.9334420084661765,-0.43054980853323116,-0.15185533611149074,0.09585653376827685,0.15021243692526307,-0.5314861884263244,-0.25025631660170866
0.045734740214996884,0.03676099713159519,-0.22386739755556545,-0.32323853323738794,-0.09101910693395811,0.7537387530621741,0.7196153022581708,0.9302883371841563,-0.6812402398249441,-0.48969156505190664,0.1996961430568263,-0.5059200136044044
-1.808806059897417,-0.006975762241872284,-0.4056301704420882,0.5668314613710378,-0.31339130065391485,0.5196624295629316,0.003351570593585571,-0.5887449414292673,-0.16704801042333872,1.05710996527338,-0.8995587982325474,0.07142640352614157
-1.9851337276867846,0.26725723657105444,-0.8104633165775771,0.386686266611723,-0.6580142658006252,0.43415906003375343,-0.07585612119205656,-0.5236199555950968,-0.3868407536313745,-0.34289520011902974,0.27034485878431314,-0.7483551942530211
1.0308700972427687,-2.6327751857129162,-0.3262340713311996,0.8613235485845884,-0.6999455168248871,-0.7905557364742453,0.03268429492876703,0.018984174701994205,0.24295966500007887,-0.13145536542748565,-0.2061129040818451,0.13655040544275654
1.8143477136899357,0.19839046179837388,0.3158517157319905,-0.349905505048057,-1.6422623828768423,-0.5083827847150794,-0.5394231761882531,-0.035720877119033094,-0.31796186693711653,-0.00256311021217345,-0.09977494508426082,0.01558267647786957
1.4185875058764168,0.42972148652200165,1.496202829932804,1.0088279371774616,-0.9267852492475374,1.1744337533912206,-0.02767496977764775,0.26297206784236715,-0.2966984680920038,0.09373451932317677,-0.08521200634834253,-0.0058531115763060535
0.9710205301565197,0.4039245337125664,-0.5628129950157469,-0.7725987327678585,-0.23847143734129542,0.5734581820448441,-0.7270194682440767,0.18008211412469682,-0.17463231231065493,1.8266042673818934,0.10021759693488584,0.10753011602497282
1.9645459615655638,-0.0009191250749415593,-0.374341338385934,-1.1514534144875208,-0.5729921530525383,-0.46547715025353587,-0.02720819469330542,0.6852779096917199,0.06256079687436714,-0.9722949665853174,0.02233112352163491,-0.28299894652237306
-1.150825375115143,-0.652396843184878,-1.550146817447591,1.276736537286212,-0.6254289641938106,0.7611403685370635,0.7151442129260721,-0.24301258038548582,0.15901075663464248,0.23978180485413025,-0.5041601310366689,0.5631079962676677
0.2767759648775099,2.5872860593883846,-0.29964418139644255,-1.0758882018387688,0.41786898004129314,0.9742860186846635,-0.01286733436461735,-0.5192528296999002,-0.5080516289822322,-0.38103693856136267,0.13614577321004517,0.6436974816860241
-0.103649943935457,0.6193257930527907,-1.452318288814566,-0.6738351999056628,0.8292229757474512,0.5542179668006977,-0.41790267642040935,-0.2882713936250575,0.7133133501340305,0.8881859636792707,0.3605061852894206,-0.3116824471428788
-0.5007643002674464,1.917418321181635,1.1923229146090337,-0.018778748629006456,0.06606737716411436,-0.5080614326910338,0.5184283320701641,-0.49395394359942957,-0.20957996824258246,-0.3913320356439872,0.13335405186485105,-0.5698246701980814
0.2857148376052762,-0.7096542206074852,0.11751679463225918,0.6389067125927199,1.6565612969570074,-0.6407746034729106,0.6518154995355563,1.1184905210850091,0.1711506906997477,-0.005394226709839835,-0.6028614899849927,0.045015024311029106
-0.9660780798272333,-1.6521053641049719,0.2660283764798751,-1.311037677921926,0.39786789686036456,0.257969180005753,-0.8906376497292144,-0.39078146166719274,0.7822405986561322,-0.047386485464457284,-0.4428574408307174,-0.13131404981819797
1.631190365647376,-0.4256991958564439,-0.8415186404412908,0.9030258525170697,-0.3104373785143324,-0.47669992464727806,-0.4794252327470027,0.4702195653637163,0.24053340042983304,-0.9866775546712108,0.13874909561806242,-0.31271801501165014
0.546185789867703,3.287318870465813,1.6196634670524301,0.4035106873522698,0.6074172134500935,-0.1736721041458206,-0.4380420846823386,-0.008568294320987194,1.0154960546219662,0.8312146517217279,0.33032157608660306,-0.2190737272834053
-0.40775265694600876,-0.3031277601208573,-0.7958468034498589,-0.3701474948938307,0.7115469878946764,-1.0441183459461318,-0.4244550748168145,0.18255361808851653,0.8429911472569616,0.9293682468384841,0.4541807922897477,-0.1494504489683545
-2.715553265530561,-1.1152289931906096,0.2580769856304109,-0.024743582565840916,0.12905779485800756,0.21563721299870992,-0.11267076004232919,-0.32309049705342935,-0.04224027645751327,-0.2776347492373554,0.36804322536509104,0.6096309636948146
-0.03933092882976384,-0.8826322994525855,-0.03842355285866341,-1.682934065864799,0.21820791455008373,0.7069333286039883,1.1769292990097406,-0.039883082929893406,0.36719760721132644,-0.774881820168952,0.02982728443445866,-0.385615227852124
-1.4037117849011733,0.10263009522000692,1.3793574322162792,0.544652141972292,-0.5097364299286756,-0.8046444115588586,-0.18455486837151042,-0.5102105409298132,0.30914614105319904,-0.5272248430521387,0.2579230803841278,-0.5491425767079496
-2.364744041665722,0.4471706550374192,-0.6015163070060603,0.3619470101255714,-0.09661519753195795,-0.9274128983080643,0.26083915619039544,-0.2052445832936158,-0.21871303914295082,-0.33489303223328687,0.13755977802934843,0.6147239902559194
0.7490429478295134,-0.23301881624423007,0.23891730144834109,-0.025872741333819234,-0.31014402700762983,1.0381771230253967,1.0512026743253866,-0.661034864462818,0.24393517871884188,-0.012371443825828833,-0.33158829238196136,0.013963933763314085
2.0456373802538095,-1.1906238335083936,0.8804484669691992,0.5759137730899486,-0.6540006163014683,-0.43481703853994724,-0.053117946750506476,0.031398170404648956,0.27041859470502166,-0.1685241817978896,-0.21575084795960597,0.18194321889856813
-0.5538879418405999,0.017868711003825644,-0.6903434072676741,0.20224821836919546,-0.0822133993824537,0.7485216963367723,-0.1794464013934264,1.4014944884908502,-0.1262563842602763,-0.023210840051631883,-0.5421314315608043,-0.1585161801927614
-1.781845069390954,-1.535567648111965,-0.08677827741554374,0.08146270678014511,-0.7263998932506204,-0.8415170917009651,0.9195602478110475,0.23857829136294198,0.7227051845783476,-0.854890289556839,0.014128074373891998,-0.41356958126082494
-0.5231815216078786,0.5132785623271731,0.5581655547516301,-0.03982865898439832,0.47342146098969656,-0.7923728650508961,-0.5858675934405598,0.13086732983958632,0.3032887760536504,0.13311389372229826,-0.4402829336415935,-0.07568270578832781
0.23869450664401645,-0.9458694438485432,0.04908085184105263,-0.2377167333411702,-0.34332574124136683,-0.8570799834937595,-0.36689305407128586,-1.1436365988418526,0.4588942822202816,0.2318662303006462,-0.42797582505749165,0.689312300870085
0.8132188398707514,-0.18602537902933608,0.8534802223908147,1.0234090473482058,-0.894399715096844,0.9895278100268294,0.1915326859718009,0.29878175953738767,-0.41066731719228244,0.15566401353690185,-0.09705406350592133,-0.04104667673144064
-0.45965180528119753,-0.673101525313969,-1.5042706617627315,0.40081028996200035,-0.16234391689419797,-0.9768411791889778,-0.3087936472302609,-0.5074125833817357,-0.028281436000113652,0.9027841709959931,-0.9231548891200236,0.29140976883073644
1.6592175332371208,-1.2041636815668981,-0.0449407345281882,0.2188524671322417,-0.22614238075045912,-0.5577384705398988,0.6864707587329997,0.08858597583349347,-0.16079542826913437,0.001137766642493123,-0.29569626371170593,0.12862146739328598
-1.2298657188044801,1.5863430941088648,0.3235978760787833,-0.08583863142588359,0.20679282709896185,0.7017622902692434,-0.3647863482752627,0.12663066149493457,0.6439146829935773,1.0254255430950996,0.4422126148565764,-0.38908484889697054
0.8331917904809045,-1.9807297697762443,0.10007424876121464,-0.6830739734382526,-0.15753657000713212,0.5558003854701862,-0.23368553038536344,0.5828444299798651,0.1354115201041121,-0.8108677375353059,0.29397831419695686,-0.34179329949487885
2.2486223216114194,0.17461617290421955,-0.15629100492967227,1.0567556199663044,-0.0999482472487852,-0.2603188305072603,0.565906613883672,0.012742609756541677,-0.2990703887410148,0.007256613392056609,-0.3059925197293601,0.09913241758395984
0.8148561744644153,-0.42469690059093546,-1.3916810506771526,-0.045518476052279704,1.6511915473063852,-0.9768646631419357,-0.4498932202005571,0.17971449845422682,-0.3758079725470925,0.19271243224485698,-0.5194402368041642,-0.10194028107427576
-0.036577455573374974,0.7231067284052208,-1.2797085806456758,0.3794570443549757,0.31372857373657914,-0.3452443564441364,0.34974488504302514,0.37008914787542874,0.8969087304576449,-0.39530324341788897,-0.8703505482988927,-0.02078829659958537
2.8991765254871575,1.343648325184065,-0.8584886569726354,1.7335446016110398,-0.28549585118839704,0.05882016028836339,0.15080668465579078,-0.6984315553071343,0.3191939501084126,-0.21705526581501663,-0.32427598132112356,0.17627942898572407
0.6846359090156967,-0.507574577735044,-1.518303247588093,1.28729471629169,1.0833235852869976,0.4736393157793459,-1.685980660728469,0.0013451278990614008,-0.20841910278672862,0.12037874395606268,-0.28479698744898024,-0.20198922497073982
0.28255688409772384,1.5698133502455993,-0.5259237696851373,-1.0120369888969862,0.47453171146324286,0.8262660754892336,-0.6259318290588604,-0.38331532386596745,0.15597886217506415,0.021869792905971498,-0.5968496619594552,-0.21727803617235764
0.2233695922491252,0.44422375555226506,0.4275055325529194,-0.8597754486361185,0.2955592803504678,0.7600665919961539,1.2374330400212956,1.2069566800569276,-0.23571965792207875,0.4343573916456187,1.1286249412375942,-0.5692304166485799
2.2609915320357636,-1.2769515051213955,1.293513818262915,-0.39066311004789805,-0.43160257875190056,0.9246015588520745,-0.06384337757675224,-0.010875988195275854,0.04971699290495215,-0.05459520865433864,-0.10464761595500152,0.13835573064984227
-0.21847767782507355,0.11852592510927124,0.9961533006753582,-0.7609549916428852,0.6908782016656609,-0.6698831698843211,1.2537912775272058,-0.26715736542161705,0.15686598641921826,-0.5363892600704264,0.19452735487598435,-0.4059087591128453
-2.2673327792170324,-0.6999449310954633,0.11297010123135597,0.1265533190845036,-0.07821816230640018,-1.1114407164295765,0.6370139719494544,-0.4426544424584979,-0.1060894645708619,-0.33771815370639097,0.18658433990486673,-0.6104784436476659
0.7672300659122444,3.0186588285337717,0.3569979366701082,-0.09117958472837394,0.22244372676588997,-0.20354305316864324,-0.7068782920485912,-0.28276914627079414,0.4034905849088468,-0.10485903727390274,-0.6967689298729024,-0.1462884548900105
1.8712718968495254,-0.7054221850954562,0.35684742648085005,0.8470012812422442,0.2992160911117551,-0.42591806777718755,0.8642247119348325,0.022567756323816877,-0.23596961808311337,0.07987507684151175,-0.26294273862122197,0.1306929176888424
0.07233533609109688,1.071608684495826,0.3033468366454493,0.5848827409959367,0.2574625507023637,-0.5198195841784031,-1.107896911739629,-0.4156182652054409,0.8231703628974014,-0.17661197666029946,-0.5779642481183488,-0.1110042582201658
-1.45086614320105,0.47631081643712087,-0.1338523211341756,0.41999295204422027,0.04060626037169428,-0.9694706782584359,-0.12909066572085612,0.6160927701743459,-0.994842159378659,-0.13944267030838792,0.3023076827716164,0.6250881981142613
1.6822433271881396,0.31992734899280023,0.161482452603653,-0.3852830901467518,-1.6229537804029954,-0.15206290258440203,0.18474233067116566,-0.6177866942286115,0.8507567513808255,-0.44474613287743725,-0.50141127068059,0.13508607439465586
0.26502453881697696,-2.1987716941411213,0.3557257365602192,1.3786613653193451,0.5653269352702665,-1.11788084500333,0.05686859241753721,-0.7031086614612737,-0.594376821003462,0.49634658043265995,0.027126374997757823,-0.048467909164990934
0.0010848799596986831,0.1547694513486475,0.585010657177084,-0.10661718904627233,-0.38033754675075593,-0.888748965969767,-0.48382655707723127,0.2187010090401811,-0.621281661757495,-0.3838288897333357,0.3174027056133245,-0.5390250326054232
-1.9682109839658766,1.6771634082809308,0.16575570371335194,1.4199907989128244,-0.5039908065265548,-0.5981153208125467,-0.7158876338076866,0.06171958006774302,0.36782641244757697,0.0631740636389246,-0.571619463382476,-0.29899552596888135
2.3267555585905857,1.983778088261644,-1.570222523370651,-0.1649828960422227,-0.4873336534704936,-0.12411119250081111,0.27924737719122955,0.8989334328704188,0.25911224956166384,1.3435474835153145,-0.3246857355248997,0.30884426338715004
-1.526215227518563,1.2101823625582055,1.2121602347931244,0.44420293432343533,0.35755833715984625,0.7396761780186882,-0.15223313402570796,-0.3491329427258809,-0.18909129214241882,-0.2633641953376366,0.3524138976535233,0.6146989749457619
-1.9588351409072968,0.8153247098447531,-0.7479240901253071,0.34425770664830924,-0.2259407622184318,-0.8312301187048827,-0.2902264378408994,0.01660333670532879,0.23146689890373154,0.08772509676985495,-0.6515269105654474,-0.279520459293161
-1.2434821122356452,0.7739715441093447,-0.11240959425359712,-0.025675634277457088,-0.3793507895464512,-0.7428751146862178,-0.72235462952383,-0.0749926203744248,0.5438808745198017,-0.06080440868664905,-0.6299637309128753,-0.2039365264445718
-0.34035345483816093,-0.3787181211775652,0.32692527969786733,-1.367128220072227,-0.4008997061474578,-0.8579659847480715,-1.1041937039900402,-0.2501861968625686,1.0106672813195805,-0.2747481156448388,-0.6294475037030882,-0.06284972973369543
-0.8805407569291653,0.6203088103105155,-0.24631585782965107,-0.4201408884479452,-0.47257304254098687,-0.8068980905382263,0.18752567457018232,-0.5477182324142493,-0.08062706597546465,-0.5195889423233649,0.09535601579349703,-0.5799738574474496
-0.8202693601140265,0.4682057717324502,0.21600226942156578,-0.1811468239204979,0.10791928913447534,-0.7469849065278187,-0.6287734342078386,-0.20009546124947625,0.6405573616403856,-0.06542151178906408,-0.6112238465706351,-0.14665618066307515
0.42742147819376336,0.873723730260052,1.503366074611471,-0.533167477066863,0.4619761237841714,-0.7470773806925232,0.23370807833443458,0.24173598693564652,-0.8657254050597737,-0.21964281659732543,0.2987114806888303,-0.5091785202599098
3.0859395529672633,-1.0023285407167906,-3.035820747801308,1.2975316231876297,2.179866705778744,-0.4842369248495366,0.46679615607424557,-0.7985224475750426,0.5373147881016997,-0.9800518357924481,0.07503028934537533,-0.13389542311196737
0.7332145208844282,-0.36182517801650743,-0.22317345742312772,-0.3317612829838773,1.0123684589923874,0.7966080062141165,0.025510762832629905,1.0854361543961055,0.037131587108766545,-0.05750849831337059,-0.5356822559867326,-0.02700691658192149
-2.2230088735457345,-1.8649026401963456,-0.6452932742887676,-0.22384901783867014,0.8068095059126801,-0.07671467228922309,-0.2340653355250261,0.712119211526953,-0.7127578320088487,0.5304153807260776,-0.301780250708393,-0.31597525351431965
-0.8735870609905928,1.413264241683368,-0.015925559341909347,-0.8920106353084172,0.6027143198330159,-0.6871980839264717,0.335146979490482,-0.04797295860424499,0.07349300716536748,0.15554741320887547,-0.7177687139302792,-0.1971243456037781
-0.6157699768265574,-0.02576998246692175,0.3344708712360117,0.15749315795532096,-1.088635468474179,0.9542754030436762,1.1694764720878648,-0.3029551062874636,0.04607515640741009,0.09399120333070228,-0.32852013948538994,-0.09516193161896375
0.843855617310761,-1.0712539888035482,1.0236003261346645,0.07036069635118991,-0.19404150989220634,-0.5885734926871263,1.1633770385860391,0.3482465775490276,-0.31210859491564774,0.1680019078720778,-0.26516918185883925,0.0966779826946416
1.533384071636061,0.5137056337269956,-0.8503566706880807,0.7920787694498127,0.49215229784969483,-0.38779907451514684,0.5103010838318391,0.564510268627325,-0.30497689327746225,-0.7258753710906187,0.07680395827298922,-0.36198784131742084
-1.1525994188186186,-0.1515384213244484,-0.7489883623146565,-0.5319489183297051,0.3110938274022061,0.4429644428536196,-0.2764992072509853,-0.57152726187565,-0.12516616374949638,-0.41154163950185724,0.2556034591133174,0.6507034818596634
-1.9946117713725573,0.2117396758666118,-0.1100182423134471,0.19902910551724826,-0.041757413324240746,-0.9607356441944297,0.7713759585604099,-0.4219029782973192,-0.3134527071104521,-0.3002628430001725,0.14120863920519172,-0.6405615454298269
-2.1085472973380788,0.3333871712852965,0.5773747827611592,0.7005566034288704,-0.08761932982809803,-0.8937683578338571,0.5965685232850675,-0.4001531160185264,-0.18908814818166472,-0.30208786624113604,0.2021554998099204,-0.6362532432535283
-2.7661710486741606,-0.9051886816976279,-0.6083572699069092,0.5442358138984574,-0.4156457992458497,-1.2003102798096588,-0.17149760889750632,-0.17783585688808123,0.20585405701560508,-0.28890773387330726,0.019870561192891226,0.06883815337297557
-0.5974468473169287,1.260315490583488,1.0120243720376183,-0.12482271830802474,-0.17605675076938498,-0.6180426740895238,0.24533798989111127,-0.529656228274177,-0.026750294506517627,-0.4740501199307739,0.14919431163066957,-0.5515133846686817
0.13137858473073474,0.6092425918247266,1.5584015236289,-2.0007702790594872,0.8716882535103276,-0.7430581229054979,0.10242933020793253,0.013059979867849014,1.1959139284072933,0.8204279211722089,0.2881037348542929,-0.11166230707136661
0.0291467420831639,-1.7491043216655364,-0.4696145756121362,0.1602957267578976,0.6734146755215489,0.5500375825315416,-0.4181632624669821,1.0470235860634733,0.3499312899675414,-0.14052455098249902,-0.4583248939298526,-0.024365669178869943
-1.1059630450184246,0.38529318781628696,1.6605136424470743,0.10116014678550624,0.10001501751682258,1.0055885567524019,0.5318565629157586,0.38619049236105424,0.5566392097800952,-0.6825931943427985,0.1880672061988481,0.8287988917694685
-0.35536211484429053,-0.3305743216081896,-0.961306963190414,-0.9428389134717122,-0.9241520934968496,0.8113196374786533,1.5698344126754098,-0.35115828903970875,-0.19948471865236955,0.10411958022148998,-0.4503401558410491,-0.09538499471172916
-0.03734319221757774,-0.08962285906472596,0.05826583864223785,-0.45082047422492866,0.0977697437532925,-0.605177502307383,0.1948242035758788,1.451612473226728,0.18510883634217853,-0.14381123246223332,-0.6836916552714503,-0.0066582398534435995
2.021731103529514,-1.1598203507725537,0.38561037474368304,1.0135515320576616,0.9204554898926792,0.9077726182820786,0.7085280527125509,-0.19933570015783786,-0.37891244449028216,0.20177329573214864,-0.09044781136013573,0.08229680157365904
-0.5111668288443937,-1.77016123435992,0.08745628275222606,0.8805805460328997,-0.5699970704920966,0.5360157520042835,-0.33642811205940715,0.7725438942071916,0.025262397147027667,-0.696678158709167,0.3729730563086708,-0.45983939170557625
1.5561114213507012,0.9144142556760423,0.4711143606089523,0.4660501537941097,-0.8951353528499806,-0.21225615705972953,0.7028245504928319,0.38168910947522094,-0.4743782060359742,0.06840612492107766,-0.3402201537277122,0.03482399169591997
0.6757545258743045,-0.32532315821865687,0.45046337221727817,0.06298328998014417,-0.3368715833033998,-0.9098066679864234,0.19555269308924786,-0.19266663400305625,-0.3132598055676822,1.2982405824912435,0.8333823905643193,-0.17905415912955566
-1.6587689470928648,-0.38009659828008197,-0.5057960372318231,-0.14443522697522626,0.4083982295250466,-1.1023501596616554,0.9467555542838553,1.1352690522080198,-0.9180880908109529,-0.003979079458700887,0.13199737638891768,0.12383222659705773
1.6566038878213547,-0.13092913219848337,0.7210649987168537,2.6052402098862495,-0.6694578236389688,-0.28116555735683313,-0.22824630311827337,0.2340197063147441,0.7408303692107839,0.7313961382482984,0.8024097012421731,0.006497674269471598
1.6710215447470658,-0.5725313405642521,0.8054244502641725,-1.0525787243260891,0.06874285463552714,0.9098762612897847,-1.0928756678560698,1.0204552296170886,0.7023983332647734,-0.39949073848139477,-0.4946160855996607,0.0852592057266966
-0.8635477437642941,-1.0733317658535841,-0.47217603203911307,-0.2847242407556588,-1.0994263918809384,0.3781664344078781,-1.2269288511875533,0.7980942354355341,-0.2687885649949102,-0.5793403637046054,0.5228309797758716,0.709445125716853
-0.9724788293628132,0.9051726817203057,-0.796430832847581,-1.0770898235619424,0.20286167393037957,-0.8639169629656003,0.10793706478412876,0.1316056241385403,0.7579926257610264,0.8868844481517856,0.2082675663585495,-0.28542833979512283
-2.017827199292856,-0.7563936757486623,-1.6544078384713161,1.1686014137229706,-0.16605179477022017,0.2752914530573873,-0.19136371261469814,-0.7735508161407201,-0.26515918964371377,-0.36460134265325295,0.31437589209155786,-0.7320852552791689
1.795033161931697,0.8155951255121722,1.1582223345792024,0.46341408873139234,-0.34413155402509815,-0.07389431359898273,0.9251521564434936,-0.48928137532868293,1.2501203984646607,0.609098770900182,0.5150390479906996,0.06768585313668955
2.2673013068453782,-0.26821832305696847,0.04157870203517318,0.07566978289914385,0.725461501487462,-0.4208407014245743,0.26236725995680477,0.4120677170435704,0.09452799540185895,-0.8559745496064061,0.11785291989816235,-0.23964999250535912
-0.3149807409100377,0.0416740448698205,0.2683775080135384,0.31830403681503877,-1.5836570083901664,-0.42980689894269614,1.0004548899616603,-0.05870957867632678,1.0399642998262149,0.6912094264772305,0.48882356532627663,-0.07937879343208898
2.804543824372604,2.0430970403569635,0.6722866585518016,2.401968096345726,1.123976312133362,0.11263268010510034,0.05049305005306137,0.31983759551165153,-0.06561254798113365,-0.771761879129997,0.19307824838317098,-0.3015286429766832
-0.4884152485538767,-1.704251250822026,1.0262418243301465,-0.024406106674623663,0.5089582967075581,0.26845451960642425,-0.40814490293401495,0.02095050994150484,-0.48851463005111806,1.180277266546603,-0.6534377028993943,0.22732210364451313
3.2285862959716707,-1.992942822408423,-1.1916086143403806,1.5172706135466973,1.0204917654973227,0.9475359802542118,-0.23257325694926984,-1.295731609244101,0.7251423508815431,-0.23629547800497544,-0.07293292305427593,0.2686182107205984
0.3976460633666765,1.4910071034194305,-0.15245035362598283,-0.005013997855926309,1.1220684306159163,-0.7971842662095812,0.26581161504112694,0.5944071821098066,-0.4601135181103067,0.8338770300746318,0.995502968014397,0.057325786230509344
-1.360791824994136,0.09264916831127225,-0.328665783945,0.6296628550034583,0.045844824197212856,-1.0108527157023979,-0.34605589510765156,0.5228761465980702,-0.8600866387395043,-0.19729723712679095,0.3235159577605135,0.6425134913104844
3.5548081571230417,1.552722523899214,-2.6769908018198687,1.6988989984707112,-0.7965196112111229,0.02948997383868771,-0.3397842885376526,-0.664771978541575,0.9265857753427288,0.4191938310596491,0.535253596174994,0.07633589556423495
1.4300078942774714,-1.984459086270877,0.7546905810258798,0.7475401517611446,0.25791963754089764,0.749411834108409,0.3441374233048207,-0.07877077644982994,-0.11509934220226228,0.11703370490955047,-0.048256843713270145,0.08928976535240271
-2.2995354320600288,-0.2862149422663638,-0.054106077859304644,-0.014788858611817134,-0.0240415828899075,0.368930453003767,-0.19756934794733047,-0.33130836238667805,-0.15080662747368848,-0.3067265574665858,0.3220941711449187,0.5911078304333784
-0.9841295728735809,0.07978435871542225,0.04499353414843734,-1.2992689132222037,0.37202209079916176,0.432675852663465,0.6800631675817895,-0.6164352928407237,-0.45733996790748704,-0.2727674835739443,0.21372738115874754,-0.6285234056311305
-0.15266086147299887,-0.13129365234497364,0.7017099112138652,-0.05335553575949916,0.0542736043827896,-0.5693409035124208,0.0168732070996166,1.4639254399500852,0.33192865521936515,-0.1549103158152053,-0.6242707446267052,0.004442009342627217
-1.3790637523826306,-1.3325724801132781,1.3022384478817075,-0.2402756580847277,-0.10046291664550691,0.7354147489675089,0.976937377966583,0.16683197364110985,0.7060108660847357,0.6965287297522533,-1.0119657803073308,0.3521524153357001
-3.459174943003613,-0.04842913722168574,-1.1271994349505507,1.43907621673776,-0.5745052127407436,-1.0683198725407157,-0.014755553068830671,-0.12071096930255955,-0.18731487285042675,-0.3184929416199537,0.1948482162543892,0.5348215897020123
-1.1255602215232563,1.07972014722562,-0.22323804037436984,0.5176600647231117,-0.866940812413177,-0.6748235248169984,0.9526857468063643,-0.9030904073572602,-0.6459188261145471,0.4696138955269586,-0.3290989016888317,-0.25056937752630687
-1.7558766215459947,-0.7121636966819826,-0.17681301632064705,0.1142595099310169,0.10209759581370782,0.2009297771328614,-0.8622700521270441,0.7598574178719149,-0.5677191707999502,0.3978793034775874,-0.29294779699132417,-0.3248034179434757
-0.10188278022798056,0.4147000579549778,-0.21586240214344804,0.24306270895807694,0.5875629448224571,-0.8585906549501249,-0.3803790211885528,0.29018609350037783,-0.7717445920943005,-0.2747000834419551,0.29690209594436234,0.7261304136747887
2.372621144604259,-1.036505101137972,-1.230911742537495,-0.9481618444603904,0.3659786313802447,0.8654469281329283,0.9005455195619679,-0.7136558968239107,0.01777079351295923,-0.015720785863323396,-0.2727669880780521,0.17230644147533722
1.6753759196446778,-0.4165529567592304,1.3800570445167355,-0.5723702441115868,0.12912163063851506,-0.40759212069440603,-0.50441411302951,0.8291338685846783,0.545485354694054,-0.9615707658182866,0.18034930050581813,1.0773465823146022
-0.05528455804630812,-2.53799568860242,-0.16432671072915675,1.19690939830071,-1.2751469153214472,0.5356954827142646,-0.29843295152276833,0.18993169115143035,-0.02926729659246586,0.024587901229420762,-0.03753217952854223,-0.027266954170335703
-0.11365570740642815,-0.09724372158969598,-0.3408831809555675,0.8801879256489419,1.3083298168912254,-0.9805625784075209,-0.48881828319751175,0.6058402241208415,0.25269409757856376,1.1038474800046412,0.5235573881218275,-0.2396070967731511
-0.8003271922136654,0.5260416308568597,-0.4639367667386085,-0.8969804385012718,-0.3930103377119816,0.6209569228961989,0.44295242089742476,-0.8769902385905007,-0.6364273782683757,0.4853774090721763,-0.2358755009788003,1.0282087508223077
0.7261173432445879,2.043788339188708,-0.9632438240005655,0.0028770691002970943,-0.8117639860920393,-0.2763571661878347,0.011130706887943768,1.2932439504360171,-0.3768071223815574,-0.6020136855819452,-0.20177370938095904,0.23683983917372917
-2.088641335393287,0.3509081104351622,-0.7057651065431295,-0.5371601265259387,0.3421014807009339,0.35044772629087534,0.4473301608591103,-0.09531445846434078,0.050640000222191645,0.6326947806656874,1.1748866983705721,0.4790926162955551
1.6411733383689069,0.04017079622152372,1.1670169705823332,0.16096321850361384,0.3629498015804902,1.0975453661746215,0.00929064999854201,0.5839550532186268,0.04967578826147831,0.6837178202477714,-0.8984749003116326,0.43351681428767747
-0.022525191820862354,-0.7995654520062,1.1108003999632763,-0.07619912176124094,0.1552701168850598,-0.605128390137701,0.9604858727732479,0.9863904594352365,-0.03460546235755221,0.8006723366263685,-1.041309626075254,0.43246745996546615
-1.8564317294459165,-0.5186884900497393,0.8895802158597175,-0.3160718522313981,0.2752165292225067,0.4074671085815689,-0.5884695514001336,-0.13016853785855717,0.4765117039820311,0.1454548550318883,-0.4071126316087583,-0.2361137845261217
1.846945504568999,1.1524887567894155,-0.5476769133441131,-0.016513111253461683,-1.1827817010031554,-0.3008705311274974,-0.45707811518913205,0.9589684938912751,0.6265152003666469,-0.18833421231520994,0.9908256497762606,-0.4396830967590363
-2.6586148775066145,-0.14048979557298724,0.44127240305543686,0.5376576452730116,0.2668365538793679,0.39808128421546257,-0.32914344008689694,-0.013374832684183009,0.191655232501557,0.28711153175578585,-0.4024238798705145,-0.331093322747841
-1.6612906373309062,1.206871936416684,0.722518438869887,0.7698752586380351,-0.32532293824438,-0.6487417045222359,-0.3292707585320425,-0.24877718901022997,0.10832600855215894,-0.46026538051895827,0.20853705557477215,0.66861746067282
-1.2452226246114684,0.7503651471150927,2.082514480716417,-0.43610178609154254,1.0051558048911948,0.6809703914053001,-0.03278147418054301,-0.100211884348088,0.25372403545337285,0.2897785029514928,-0.41341953818738864,-0.21203522476998002
-0.011593288978663359,1.3727751004958157,-0.8152108377818292,1.0807123802067027,0.02109900131694787,0.9190330453104683,0.14599344517984797,1.357730419921926,-0.03255263019738875,0.48588334338134154,0.9816715598177582,0.05171528470384099
-0.44203222074192416,-1.3752141008316037,1.7335777483682517,0.41569310401120246,-0.4987603905268421,-1.064846553068984,-1.0562796832479728,0.153243343857503,-0.0384748950723441,-0.49122189580977843,0.4749647428671952,-0.46725905565548903
1.6079143578718225,3.7064687119414863,4.2471348816228724,2.3467242454169126,1.1916986673016383,0.4350000890103814,-0.09219809241341595,1.349502040811814,0.34822594265475393,-0.02708535752585415,-0.45907330162474813,0.05139739335354081
1.3836184938036669,0.9588866954714929,-0.35263144670252167,0.6086296677491584,-1.54781346584768,-0.23596513589915782,0.31213844761546383,0.40921922224095925,-0.4512694569539463,-0.024720602090494103,-0.3685653213697597,-0.0074267822101055135
2.2634178521523625,-1.1103193694543882,1.0298111476414904,-0.6723553327036004,0.142278741848727,-0.740588554463349,-0.4051605289139377,-1.376485020768368,0.322119540740168,0.08870273329905258,-0.06930604588364309,0.18812251895244414
2.59109040032136,0.5416507780504872,1.4485141646651656,-0.37530580556279763,0.8559056396251836,-0.5580889571132827,-0.7799661361179826,-0.32222113591765866,-0.22342977656984597,-0.5696941108443491,0.338993717686227,-0.3372342356030592
0.06055208279344335,0.6622384005926025,-0.09190750715068348,1.4669980369599993,-0.4838895392381913,1.1610198095260944,1.0270098745880696,-0.5628036817808179,0.009964715906248948,0.09538453107153143,-0.300325244931787,-0.09724015492296358
-0.5740739262757569,1.1786449380451434,0.9010504458944358,0.2055385047520763,-0.21237070407702593,-0.2877555168656063,1.3277432064807762,0.27271381771906783,0.34245711766568565,-0.7394979597205553,-0.0426545250335506,-0.42186795585636017
0.6290471067794315,1.093845085333868,0.09168131181092062,0.6615855564378792,0.14526406898899485,-0.358887479419461,0.8725246602871645,0.9068649707191386,-0.5138872480914624,-0.575950657652137,0.08622337035033072,-0.42620816808658996
0.17402306388394315,0.5237016757236792,0.9039912005318886,-0.7604021450496958,1.1612670377153076,1.052786858728171,0.7230196256625564,0.3796069359483687,0.7663414098698549,-0.170320289781816,-0.6823552938218315,-0.0025063341520848697
-1.9305842639189223,-1.308505277979737,0.40620265615458795,-0.36883654067491267,-0.04480449167300029,0.5346420916448099,0.6943082087842577,0.5911584364121389,1.166522167171372,0.13621870159592828,1.1132987265640433,0.730595741431432
0.5801941110159341,1.7030736043953794,1.4693655830293626,-1.2008959062543108,0.2411350410715235,-0.44814378612133215,1.5694900856943723,-1.0277855965618516,-0.6328051487533994,0.49861546752902725,-0.3741605767777241,-0.09111107937476362
-0.6786801772864104,-1.0457814514752592,0.24059145182880362,-0.09259531106112624,1.4120250694779835,0.24137363248223231,-0.47847512073805076,0.449316295156149,-0.5019923703060554,0.4329379174703988,-0.27596424036161843,-0.21371168636103727
0.42031992127309864,-1.1558080685030436,1.7440236831580922,-0.6108388346922485,0.4638397750121572,-1.02563473519519,-0.33646670203493256,0.035988870947231306,-0.27467959161707034,-0.3976160432927625,0.39719914365947306,-0.4065523185203654
-1.971254526501102,0.5544970440880339,0.04901964186355838,-0.018670596753072234,0.26229643291755605,0.46309027002482106,-0.22141875658165136,0.1567089054453788,0.6627050725753417,1.0751963001734044,0.4695414177532388,-0.4035622628891655
-0.6163541816734727,-0.1965615383824739,-0.3910114651416396,-0.4706187739322768,-0.8091639096530479,0.8512770996644138,1.623053825141821,-0.3058327086124287,-0.19196032328396634,0.16249975914630102,-0.4017326533227784,-0.10552902804419582
-1.568385519330621,0.542040396859033,-0.6350125762071329,-0.5697227313745536,0.14965811693796907,0.5053302494245632,-0.3266004185114183,-0.11292972589078579,0.03314638098225562,0.18175898735662427,-0.5444880277965861,-0.3107824530417429
-0.626090143721189,1.125213186090162,0.550961337854433,-0.030764402757125667,-0.7229309917452567,-0.6163529862972097,0.2837835764872696,-0.5768261004556483,0.39153326134425354,1.149935266155553,0.6540549632894296,1.0395772614048782
-1.1117836360402422,-0.2362073825655446,0.6077930604853274,1.5580083241243898,-2.0064497263026286,-0.3989089503258964,0.49416997161210097,-0.2062488261150808,0.6382986947305535,-0.15111497502761256,-0.3568849585374474,-0.04078744463480361
-1.4954417035949732,-1.9071677815289736,-0.01292169385288662,-0.9124556757205837,-0.18729673836811675,0.018115010176589192,-0.856150230945895,0.42480582982249476,-0.6168914473985567,-0.25423427777647484,0.4818529750788802,0.6624416563030797
3.2350668095840125,0.3137982525590424,-0.6046242893714217,-0.37402611148774434,0.2745972604439449,1.2019497814717854,-0.5119819299513709,0.23481021478400302,0.12838791479372905,0.4347447866351375,-1.0170922834900875,0.4852418570619628
0.8378008100748225,-0.4449871368322898,0.058485655307223786,-0.7689447079075273,-2.035180927731427,-0.3673523232506462,0.24833308608573734,-0.45635529463409863,0.8594833092997894,-0.4235842185884427,-0.5000101013460322,0.10739389963403653
0.9218970837629549,1.1395294068124338,-1.103459830365481,-0.738824248216484,-1.6121978001802195,0.6926199631125408,-0.508996589429608,-0.3022188283706193,-1.395748852763483,0.4342139267913944,-0.14567478024585176,-0.27687364917958873
1.0465603546224023,2.324937034442086,1.5119012378506818,0.9322845801006763,0.2700493148126077,-0.3849266230352027,-0.3680158353622997,0.1262438211400482,-0.8103444876210514,-0.30103281410306837,0.3355545701889088,-0.5403271375172124
1.6956458585821508,-0.22371226724249801,-0.740872352582572,-0.6321709669878988,0.32961237070389915,-0.7378451475719576,-0.029354298664356758,0.20832689922229045,-0.3931548907048582,-0.6440559734639725,0.28443019258356506,-0.374494046025773
2.5488507486690826,-0.4727883344058169,0.300047022364149,-0.43380559588105017,-1.7142722131742338,1.0601768841865333,-0.8940395237612322,0.04253861048726494,0.12902273208633813,-0.27474129243159146,-0.17352993706098974,0.08858942267504961
-0.9187875581166515,-0.7698417606699022,0.7780632816730336,-0.45290891847816256,-0.2645086899942951,0.6890284749544261,0.8475239009197154,0.3175278137377581,1.1213981905474057,0.06914479688992498,1.091943288475019,-0.5188293602072341
1.942896145002235,-1.8359357098963855,-0.2945272192887079,-0.4879979508865917,-0.616906802907137,-0.8487657915948809,-0.3005068163869471,-0.3595915067971897,-0.12271704722579015,-0.0027329376013626706,-0.061805567176105546,0.10449240662880752
-0.9091839665254164,0.5973845816473997,0.31941866179322964,1.5252363958755735,0.6441400883637519,0.735194506878048,-1.1208245426723706,-0.4509717867011813,0.5283578715267837,0.06883379771056898,-0.3658686925827926,-0.24636251639134712
-1.440771696775083,0.9637618582298101,-0.15120660218825616,-0.33434348321452634,0.24357818401569953,-0.8364814382575467,0.089254185676634,0.1952184805111399,0.7979537036709906,0.9495678756431527,0.279865889490643,-0.306521384435237
-0.47753720583970616,0.06740940845822073,0.5231370195556847,0.9367331461288361,-0.45003576428339187,-0.5716135950122314,0.5785041522066627,1.065391824999236,-0.27744743411052986,-0.5968159952564566,0.16801503782137314,-0.4483101278054343
1.7458588448583359,1.4932188402926208,1.7960483757609156,2.1021796590035895,-0.5145468190652921,0.03394789210549053,0.3641743317460512,0.27680299203411,-0.24567572255260903,0.08330250620869514,-0.19828136277986155,0.05411724309118224
-1.4503900947248862,0.8752812864192694,-1.1595345986234142,0.9325912138159665,-0.26364247648878303,-0.8126161345649798,-0.35135104748916657,-0.3482260439230137,0.031549841122026814,-0.3513465674960238,-0.05173939245669616,0.06254383549392954
2.6034607720163354,1.181941856026913,-2.2715128185670252,1.4191615738645813,0.9220412281193027,-0.15277791660652665,-0.3834949594947279,-0.12543239595483113,0.6352633818773274,-0.8899766124220576,-0.1274434226408792,0.4800766306007236
-0.005821860039872175,2.2937242402799467,-0.11942327533882029,-0.28432564664443166,-0.6026956718318227,-0.45651883767600554,0.03616621320959414,-0.559566752529431,-0.20947315735975067,-0.558310744268427,0.04687634150216053,-0.5917114934477191
-1.3240462129207289,0.7950437911456645,-0.9736521954760978,-1.3546593611124702,0.5734938452513076,0.4911161661157485,0.6112150793633614,-0.36849752429967153,-0.675665827705893,-0.20901917191618422,0.144321540694705,0.5919024738630063
-1.9340293274172762,-0.15233220716004858,-0.5527194878051512,1.2852619474687104,0.5302813775139147,0.6315404867953253,0.576174595266192,1.1610115423333782,0.8132300078450557,0.9548933161147499,0.4855774867678888,-0.22264216661766598
1.476536247287214,0.6379918432270772,-0.390601910669704,-1.5710592824147718,-1.2345053190491402,0.8435134593829579,-0.4902523266578204,0.21340075251637874,-0.8082586545486945,0.20241807105928203,-0.06942625048951653,1.183683839665372
-0.526842862380585,3.290999707940777,-2.299350788123707,0.5637837607314975,-1.1229385285281268,-0.03570942649550622,0.6030872398044986,0.5090541651628637,-0.09506764597491253,-0.8426918180452126,-0.24163198173301376,0.689332303871689
1.5682442883237533,0.5977573352850442,-0.2431034264041079,-0.3977380786956628,1.0972025002493762,-0.3722543922757091,0.3056628176670656,1.0938523449851238,0.14387619378032607,-0.18020905720021094,-0.7231481018508361,0.07084629856560755
-1.7671781669024926,-0.19279951216858662,-0.5587939213927007,-0.7479008430357229,0.18424587421086525,0.3724755088269348,-0.3448146234702709,-0.13035585210132875,0.15427202309719235,0.1656590730735411,-0.5214512469672243,-0.2873987531837371
2.6163993802074503,-0.8544004969204223,-0.012041939713977951,1.9864286551966674,0.10835807644158979,1.0787047998157417,-0.4820695195301019,-0.3719009552145998,0.03661015545759457,-0.07416739366561854,-0.045653271606707624,0.0920801671279482
0.011600880346255855,-0.5590004896003307,0.14060279750477417,0.6530436899156001,-1.8904383833912355,-0.6246259778026998,0.34578065728099416,0.7940040248989672,0.3450191672667547,0.8410817425460466,0.6681680349379356,-0.1031939462349829
1.9693415247550452,0.13103088332419086,0.6695322748806166,-0.5363837427417678,0.16962207227835405,0.6203628468170072,-1.2915564416617062,-0.08947470728116064,0.20172316045328165,0.28611605408405294,1.4077905004650988,-0.5509489325560356
1.2395952888660882,-0.7057549835270811,0.5399254854809443,-1.6053025717233183,1.1411568266787953,-0.9487978836925809,-0.7362861838109239,0.3245262191415828,0.04006462660266329,0.052536072985625355,-0.49293924646155607,0.009558601575152094
1.2275884787506905,-0.40237022533408673,2.5412451531807276,-0.5863140881340507,0.23625503877991447,-0.7547121826592071,0.3479368678058843,-0.4055794575493749,-0.6742617205854793,0.4968660572389843,-0.04845351964340111,0.015265271475269135
1.2064711624040345,1.3500669837906099,-0.7854128634612715,-1.8798090296532746,-0.25770963592829477,-0.8193661893022832,-0.553255358350721,0.6319347615001151,-0.14992038937168845,0.49412099226432377,0.8798419608803061,0.11110648063383202
-0.32940883234401835,-0.2673855000593463,-0.12052115853566747,0.43226561086687776,-1.4215793704133088,-0.9268805462322544,-0.2285737662605077,-0.17308496275416077,-0.9459296477850937,0.4376364027556591,-0.12204375260755489,-0.19608117624475233
-1.3009842594600556,-0.12862700580771694,0.16793624382256025,0.15193207094929478,0.6499423350114394,0.5013706513195623,-0.24592194119856067,-0.5818360535180443,-0.03403404267178908,-0.3509304506781668,0.33848448753598187,0.6639883635002526
0.5123410083834257,1.5527879874862782,-0.3256835517299664,-1.0905793720534211,-0.8258929380748128,-0.5551957813163461,-0.980903230619373,-0.4427090262061164,0.41980132200948284,-0.6679097952708863,-0.13636095239829069,0.21001048299044014
-1.3903267915369937,-0.08271585148225591,1.0522931151484889,-0.06354472834097503,-0.09263384015595735,-0.8923189014611836,0.3265555987278718,-0.5094055853076435,0.10253694059320893,-0.43858075492534015,0.20542871270803867,-0.5453336733395361
0.895034428097634,2.7961750518140023,-0.5719883653691759,-0.41571187646998553,-1.4244564070598722,1.1293323822494334,-0.07581119458298057,-1.146970666193118,-0.7124492455077653,0.27221398402929914,-0.30524054624849106,-0.272160296480558
-1.1100641062542713,-0.11701081760869717,-2.445401945513367,-1.3909339231559936,0.053924514693973725,0.5995488380930953,0.9080558295648751,0.7793341081908992,0.8830210032315077,0.6561785198583969,0.08573875504348638,-0.2494862455374209
0.5174455156363921,1.348664390049634,0.7693748587278878,-0.8179395409803708,-0.09457700347699238,1.2368242773269658,-0.17097323788837596,0.46133313502426804,0.9768556348846645,-0.3963204566707132,-0.7084272353568257,-0.022535410447152023
-1.7960748697156366,-1.160699944098768,0.31005959519470677,0.19539538927694483,-0.5269254047598754,0.6180354435653538,0.7549221408989356,0.19055767898981268,0.4694281286620793,-0.7092330662298146,0.16929342647429071,-0.5021350895721592
0.297510927534696,0.5059023018966281,0.5927063900321963,1.1201204654668588,-2.0228204519821853,-0.3318276766050735,0.14034157411329115,0.6196233088830104,-0.29132603634463095,0.012968533409727567,-0.27256009766665074,-0.04015408983805033
2.1481788952604384,-0.8728798085635329,0.3038453653548865,0.9129370846019638,0.10664964955304986,-0.4112148980040545,0.49616845353796024,-0.05714676380706373,-0.04776066231499239,-0.024582479736910048,-0.2482653822400754,0.15639561471053504
1.049768512043462,-1.0170409171623553,-0.6433640803084385,-0.03193776294176492,-1.570715584813992,-0.5999221399409483,0.1613102416542507,0.3174952318362526,-0.13075810485589234,-0.11740689789337101,-0.33853473614513785,0.055471975001611835
-1.1311331692625195,0.6645249310751017,0.3531171547499061,-0.619169274002014,0.04241994174017497,0.6160233533988096,-0.3145031593279911,-0.41287101627314915,-0.11450286702295275,-0.39455513948316556,0.274547443901534,0.6479269512805635
0.9974163135626359,0.36543838679244695,-0.5887930696001301,-0.196540607374699,-0.1909998751348717,0.6028654844076509,0.09544854561212932,-0.5135406990059624,-1.4131423868622315,0.5986930795483901,-0.06952562159971662,-0.2192366083973738
-2.6428450087854447,-0.5845323480379242,-0.23397809367702904,0.3777064568773938,-0.14986741164119663,0.30938847904365735,-0.6798750751918703,-0.058047328428689426,0.3164546001757929,0.17406994881544002,-0.421413021410267,-0.3299054478177616
-0.19903929387373015,-1.607645783115194,-0.8889622170368879,2.9310329543645732,0.8409759312511953,0.6427992239354673,0.4574688822145075,0.23600211175017047,-0.451304723609401,0.5257993693353952,-0.2034258525797201,0.6222765743343136
-0.8796844898716778,-0.6536565711459037,-0.8524075222302775,1.2105020688079113,0.6536075237781209,-1.0700548885800658,-0.8752467912918414,0.4866767444508739,-0.25871675936472016,0.2291483152476351,-0.4071106258820839,-0.2073874596366443
1.5284680992591746,1.306520068487319,-2.048492157916804,-0.44237713536634315,-0.9184745542088713,0.9989498963018986,1.0235798478300935,0.5319007353964116,-0.6657924766093641,1.0559257524652694,0.5528837066718537,-0.22140103293904353
-1.5338613188611094,-0.41563486481611195,0.6589873037633295,-0.5029705390215571,0.10106999316236222,0.38463464996503804,0.2859354832355262,-0.586209165958646,-0.1920505804942405,-0.30714780266331615,0.31541319475172325,-0.6314564512487778
0.09438679823310782,-0.9265064669925439,-0.5338463579192458,0.21502816233476432,0.9741736402096443,-0.7875451491484285,0.775878412887699,1.0067732640363787,-0.15996673621562701,-0.42255205478925145,-0.06519874143616014,0.34583897655539797
-2.5382387257091685,-0.8138679758333066,0.350553980030439,-0.2476040940405065,0.3979012152732801,0.2610679455000511,0.1618160050238138,-0.31724832202073167,-0.1714342717214988,-0.2216497063165205,0.34349239828011474,0.6130825346620128
-0.33910779536960334,-0.11126238353571268,0.014969482440750517,0.33617872790362674,-1.4798087087860858,-0.9031870473266558,-0.19891188385642752,-0.13460114182408817,-0.969326925968236,0.4457899615899877,-0.12735416450407072,-0.19952100048288748
1.610993907347124,0.1821075121115664,1.036512700258877,-0.24072571366887344,0.6865750599811605,0.6646968296050603,-0.8662285017295054,-0.25293387641431325,-0.5724561643794194,-0.3845163550750118,0.4811085203883073,-0.4877485900257791
-0.9491676407943238,1.5778026621144678,0.0243894246209685,-0.18621083873373453,0.04153915418070498,-0.6702553366569175,0.7947761734401685,-0.46484210451112196,-0.44406656047312726,-0.3338331495395151,0.0730834549925022,-0.6218325310421573
-1.9667440239933895,-0.05506851515608063,0.8747865004021166,0.9031831956353927,-0.5196636467979292,-0.8075223141680702,0.057076291190560915,-0.4355700405713794,0.2667944485316581,0.9441858408720015,-0.9561993391947319,0.18134246505310983
-1.5905299280895222,0.4150852940714633,1.1495319162253377,-0.23811999658426541,0.6487123828500811,-0.81619164795513,0.1429034767826194,-0.013943960162839322,0.3991542305249555,0.1709494231295891,-0.5802679748090865,-0.17020999514328533
-3.2122257976449324,-1.3332560711810153,0.5244115507699693,0.250591433396806,0.5755643927223676,0.14686081234261691,-0.034806715317952354,-0.005246249947786563,0.23916817775303767,0.35112081073551293,-0.3731048399007175,-0.3107645403640455
2.085371084466249,-1.4231417601865404,1.2346935812114195,0.35928838745411734,-0.8607955558310328,0.9376084734101446,-0.6143601056331977,-0.04302263458653389,0.26668514230895113,-0.1506389902132767,-0.049964163150954456,0.12552830663719144
0.2869979901729798,-0.3985223365256842,1.11248833554941,0.3511614693431041,1.0324812978685898,0.4899196290620693,0.8813366935742758,-0.4834231572861873,-1.4304219978111425,0.8624743627955448,0.06198483124265093,-0.18330623807394497
-3.054172681444944,-0.6312268698785942,-0.6069050006951767,1.1982728164125291,0.19518104073997358,0.27153012839509066,-0.11864703395836952,-0.3589826523398109,-0.24755615719193938,-0.20983175352205177,0.37367569093301634,0.5287972804576558
-1.4494168621080492,-1.1575353847430208,0.4548049245519958,-0.5941345457125253,-0.2666632312603718,0.2866482649204637,-0.21100631205774678,-0.6679777591416278,0.10427194549156583,-0.45473251182027213,0.33852489666228563,-0.597003568733478
-0.496186999030274,2.1476307870059954,-0.3875065942905547,-1.0750819785087031,0.535239318033385,0.8214869225957775,0.021864159931083784,-0.1342582522979949,-0.24583598427238942,0.22763025165771691,-0.6290111131335785,-0.2965676734925649
0.4524221304677123,-1.7169733291991587,1.2636268374656907,-1.1450418861204703,-1.1033472014988306,-1.0761357693378644,-0.35226894800915287,-0.3060475189526487,-0.4236163294480538,0.2904870106406509,-0.08028340330983245,-0.01874523414317877
0.2318916967968938,-0.5866438974252938,1.0668422528443153,-1.631275359556517,-0.24575920220299105,-0.8365696250278112,0.9066725973059403,-1.1525201865811194,-0.0784307791376848,0.28266698359762377,-0.3162667815588156,-0.020102218027819793
-1.0993122654782612,0.0821532230285201,-0.774978045004909,-0.4904387785194698,0.1420474535906309,-1.067716198949747,-0.3270493122947498,0.8210686716829676,-0.6232805507956803,0.30944102859393263,-0.5380403914026092,-0.24718759093049625
3.14213951386969,1.138983393497703,-0.868389754478304,1.3497695338619164,-0.7098820642111593,0.3497755014045865,-1.6329106863241358,-1.0232487649296675,-0.5794557518305652,0.07094502921887463,-0.07046773928542255,-0.08750588361654406
-0.8313959718361179,-1.5941762758381883,-0.3981909375530785,-1.1422966510446613,0.20334445791493175,-1.1243259556793417,-0.7452340029446597,-0.3625692718566091,0.9505407035586799,-0.18606482126742604,-0.6122640671630561,-0.06407971699429756
0.9742867294169147,0.5616328754851728,1.554179492145972,-1.9138821895864573,0.0622398134311204,-0.540786669704246,0.42734718406835925,-1.0154283648491174,0.07017190490352487,0.2146152170189908,-0.3310332263592991,1.3070696613595991
-1.056536634564236,0.9109812623020838,-1.6593727180354698,-0.9785543313060691,-0.24547176138985405,0.5547156988499954,-0.5768834420364376,-0.17049776614498405,-0.017492399966245287,0.06864335218731635,-0.628436578807937,-0.32086081205148553
2.036801819883468,-0.9457289622742915,0.9874957098475354,1.041372726485638,0.23274771433493877,-0.7225609021724928,-0.7247613916566675,-0.8824549807400526,-0.2709304368526878,0.23797346361330882,0.006676318087681362,0.04289043142106189
2.0947669430808378,-0.509841038724515,0.8164920992980977,0.1753222575373552,-0.9676085814763458,-0.33706255053723544,0.010883101255797492,-0.24553171308872673,1.4193643197206172,0.5156251971753911,0.6991120183483789,0.1824452100101463
-0.48953819176599955,-0.5268940481665382,0.4748754218125847,0.5322853281132174,-0.5623304209088135,-0.5084769885475705,0.43104567951199163,0.0304893159533409,0.9323698923406262,-0.98721238719532,0.038167161510984,-0.3513080442017747
-1.1118908757895691,0.5190714580062494,0.21145226815245333,0.09363962060612127,-0.2345054531144782,0.47053196668142194,-0.7853041365883086,0.5192718603720454,-0.9836605269222027,-0.15907480340559407,0.4526668428806034,0.577812666014208
-1.977202671066627,0.4074537819495993,0.8800772144525145,0.6229709848929839,-0.2852554819013902,0.5911766024625335,-0.6797895000264065,-0.3353144049680735,0.06502019794200091,-0.3840075092421069,0.3865468185375297,0.6068688577979661
-2.184470050298364,-0.7512954533602141,0.6569476862786916,0.06023584861084327,-0.19400670710937248,0.36006315362815616,-0.6081943610408047,-0.3755761552810198,0.1829614977606859,-0.4079066884989,0.3880947925324372,0.6425425502144207
-1.916171622621137,0.6912679622014891,0.7495364299115931,0.7941419488242807,-0.4443093919772543,0.6462854201414382,-0.8072500616447882,-0.33209349408371114,0.056103753176612016,-0.40694147559690524,0.38072399535715956,0.5926993999008338
-1.331202891788135,0.5060493601478652,0.3372459679063747,0.060390881165105076,-0.3816803142280852,0.5683348328684941,-0.11468814446473753,-0.5747455283929944,-0.21292778406014723,-0.3766797279999538,0.3018304616404204,-0.6739631183584758
0.8887351881032345,-0.27405681674643334,-0.4701425952965292,-0.08790321529662143,1.4108027878867448,0.4297232477863129,-0.64297697283066,-0.03117165652643935,-0.7268158399378541,-0.09947749443095255,0.25098500746648894,0.16640730890704125
0.042155788377034646,-1.1814980481370256,0.3278311139520586,-2.619286705678234,-0.058862111065903965,0.32073559448154665,-1.1334491541114542,-0.19724084061912014,1.5015128264061148,0.6065720178620125,0.42538875806632703,-0.15252598500268458
2.096813493233965,-1.3138706804383036,1.457548329321823,-2.1778806216801243,-0.055216908542739564,0.4429559477262392,-1.4628258840168518,-0.27419015541142616,-0.015547362456682048,-0.6667127634266327,0.46424862853652693,-0.3597679653626218
-0.9933585595958022,-0.7542788464391856,1.201409440166203,-0.6363301868669017,0.30121814180199336,0.7341349507034065,1.3176155143727304,0.13455828939175218,0.36507959318157485,-0.6259363858033763,0.1421531438145008,-0.42872284562664537
0.5216283653915378,-1.2059370401295806,1.6620587249189538,0.47967236240100514,-0.8709711871207825,-0.8931057360735819,-0.685361824353176,-0.42373466323297604,-0.31104260667278566,0.29679304227054104,0.016828347498930293,-0.033925826993431434
-0.8552220790316761,-0.4945100330696012,-0.42542012093145065,0.14606983670268048,0.153391858665281,0.7572757942064063,1.0417470374586206,-0.011771262543967256,0.24689108214816355,-0.6830204834852052,0.09907833583001333,-0.4857006312176265
-0.44513103232692547,0.29579789020471764,-0.008069038811279508,-1.703244976893081,0.11712115196178435,-0.8886917755814788,0.10284203597683605,-0.22186077663121256,0.7197658140235866,0.25854954853076567,1.0143018145735938,0.7113019056549055
0.8133224584310292,-2.0197415692906664,0.6189284263984717,-0.4837718737834521,-0.07285457440423192,0.41539092943195993,0.24600012638248117,-0.20280462977005873,-0.5929827803137993,0.36234607852243317,0.1210803248574603,-0.02209188591083541
1.9662133092918563,-0.963650015184593,-0.5489447345079115,-0.5592709185977125,-0.325937186086126,0.8064214117900512,-0.6800590678653251,0.4082487590768492,0.15966112645010347,-0.958599308828683,0.23744784411079953,-0.32781037120931816
1.6891756507937747,-0.6187529992441576,1.2211715340146658,-1.1729991565827946,-1.1890201092355817,0.9292649187243124,0.13725115288999343,0.30778837414163435,-0.21238686004709417,-0.004115808628383027,-0.18262425443632654,0.06623388671523502
-0.9888862807162404,0.7275823525537223,0.953612936711437,0.3070527901159445,0.4165510230454312,-0.6763306036059707,-0.45734736792491304,-0.16614731865308488,0.6117586378227712,0.02339883251673521,-0.5602952741470912,-0.15046257605026025
-1.2874977927480136,0.019122486137196113,0.8652418367322554,1.674766349400203,0.40679696517286795,0.4270296193544519,-0.24863354814821204,0.1954502934035891,-1.0547071390034928,-0.01320311755345963,0.5717078691407104,-0.7084164527537234
-2.10795460271675,-0.6978789945918509,-0.20486235884112486,0.17795229235322726,0.10567276255604649,0.16575579777729588,-0.6859222273219471,0.8328662929977346,-0.6731759838939867,0.4605699079454609,-0.29497804703875274,-0.3524165396853221
-0.3969332381772177,-0.46959978412537384,1.1454443197747253,-1.6887314711077992,0.8099254013851468,0.43787194433177695,0.6024542595469,-0.7446639450323772,-0.1464705104759347,-0.33126764544445175,0.2711397105324391,-0.5227852030168674
1.6545524285346984,-0.0144100127385638,-0.25635244559368087,-2.4736139362960943,1.0135406048561046,-0.19077741467894452,-0.6898859627594247,0.306902123094145,-0.33861009426011446,0.08777823915637056,-0.5457415919126907,-0.06496356410263389
0.40604768336835084,1.7686026869498133,-0.48080585121092306,-1.8167049023323123,-0.03899506541089629,-0.551742523239695,-0.026429175529767035,-0.4596332601202975,-0.08137152711867358,-0.6104662778450319,-0.02239679267629177,0.7711218903977025
-0.4054504369119818,0.12077687951355778,0.6180329846444492,-0.5896548683304935,-0.07947274635692364,0.9635454013497164,0.26895379584374857,0.23174254613967937,0.6321620450547272,-0.8328057047586191,0.1129396549686225,0.8636928901117861
-1.2833651248182,-0.7043495705802262,0.4844395636126717,0.09760036670853835,0.04192521487115732,0.28732778533882636,-1.207206357640959,0.6888456712669669,-0.312605980513587,0.30002379395028106,-0.25408737223102673,-0.2702517912369202
-0.415490655873259,1.8625316062399446,0.7883860354945554,-0.34036563204554904,-0.16787440040667587,-0.5414379671331634,-0.2419031171569097,-0.1410053520947191,0.6973953275897001,0.2769411038408827,1.0750792414358021,0.6563574858753148
-0.5252518112036317,1.1976738060020473,-1.0414074217301195,-0.47629154238511034,0.5726664036008452,0.6249961976922703,0.03359675259807448,-0.5063658515793044,-0.381237248764084,-0.19030797162081298,-0.0027940559292460834,0.046241016595058734
-2.2408578454331294,-0.22696547430680844,-0.0023411612310261206,-0.01007855686101054,0.1399582783049286,0.3844569478071173,-0.4448873413291147,-0.07476688863017046,0.22928879833186894,0.20524214362590876,-0.44945322120135717,-0.30741787932091436
2.2117561564180575,-1.5892794267448502,-1.1223994884782142,-0.1149441877046277,0.6532149749316407,-0.9726952343497551,-0.09375686006547931,-0.9936965789684363,-0.6540796216378184,0.28799653894081684,-0.15011497613868077,0.02802088115343885
1.0096553453599124,-0.5195795983348919,0.6816709797602771,1.5699134600727935,-1.2239393772010738,0.8032752066801477,-1.0782441881546505,-0.22313897362201643,-0.3013322695985324,0.1516184492147146,0.2042981984819737,-0.08998591918605457
-0.1389499252140239,-0.8858675277200408,-0.38499372290242767,-0.07865414849131934,-0.3673915309259508,0.2630364460854113,0.20317918552289563,-0.18150780182935247,-0.7024783888860496,1.4759294006879193,0.9451515234991004,-0.3193032230403496
0.8435622081586086,-0.8374260275929983,-0.32393042263452315,-0.4581371756647766,1.106523145230644,0.47352950730806964,-0.6190303851352612,0.8242146954157331,0.5475358258121233,0.8760490223541557,0.6772466107437186,-0.14981760857968246
-1.6703170830518075,0.3906721165505084,-1.4494353207812,0.7799956959670236,-1.2352889333772017,0.8211918719605047,0.5044433103936461,0.23495668840324227,0.09998479294372863,-0.7468648390012855,0.056788638094945484,-0.6247943413599021
-1.9104275616461166,-0.8154426404129593,-0.7484980226622107,-0.5420968410047015,-0.3435537069350362,0.2883229427949879,-0.9182629148667271,-0.16834927093953533,0.44224116143408865,0.026131029395476336,-0.48456200089091783,-0.27671307658849525
1.3187102465453433,-0.4349490217663301,-0.6597840708498844,-0.22371562005650023,-0.3610601057156581,-0.36844669470281854,1.1498508674170038,-0.7408781885021816,0.4832314692735502,-0.2082792454692814,-0.521691674698321,0.12027523346736034
1.702727601707427,0.7584708426329076,-1.306341057879363,-0.5524114892180264,0.34473262140640576,-0.4526703683937619,0.2295621621044427,-0.7344191793651998,0.3370524998607677,-0.8908369731430736,0.0859294367384585,-0.36850678097813844
1.476821418793709,-0.4313450158050288,0.5837465629329375,1.3418776014893286,-1.3094604870020112,1.047452852124772,-0.6570398524225841,0.09998665267277763,-0.014641952530405638,-0.07810363649095575,-0.06684281169708188,0.00802319377334483
0.9345380208889167,-1.7818945478734627,0.0879069161435798,-2.1121669917442367,1.3388828199018126,0.14183559099659232,0.19727140866700424,-0.20741348810787893,-0.8394249126397848,-0.22903537249877481,0.3860543783876067,-0.4625480702273726
-0.7914296083191169,0.1641971954264249,-0.7301167499014996,-0.8822631558431956,0.7102292505254736,0.43779783042424664,0.11102421387061094,-0.5138045667646411,-0.2251166863202889,-0.19241339027260046,0.02930357427260086,0.08745337848650421
1.0244025207936664,1.3670257535591999,-1.6454286031583631,-0.7188675258920749,-0.38969915312822473,-0.42469592016589275,0.29886577708309797,1.170475729351706,-0.43250538845964764,-0.6014055607905994,-0.25464286828763055,0.2742153908377093
0.35017880198830115,1.5963775281849937,0.1799661217096806,-1.0349909267805395,0.23162320167984754,-0.6813511949421338,-0.47944988708632863,0.7561610394936176,-0.5752371507684692,0.2211872701253784,-0.5760059285198333,-0.17965329277457542
-1.468351664293328,-0.4486315276643721,-0.5913065075902405,0.15457333163759268,-0.65693708849145,0.27645188488805916,-1.5155582259763611,0.7425475353615931,-0.38996118586458806,0.22393378802209762,-0.3097955295196063,-0.33073251766464534
-0.7697277829799065,1.4079378720081326,-0.9547968039330623,-0.7519280525147444,-0.3011829861178987,-0.6878321296204397,-0.050653937130548166,-0.3497807953418837,-0.16935117290798615,-0.5255782320085604,0.026798922461930445,0.6810445457483677
0.20051524639562598,-0.8619319764757233,-0.09036726547846238,-1.2058019595551794,-0.042880772870546355,0.2752502788607981,-0.5328421132731891,0.03490288013276503,-0.8047205779301173,-0.3182118991525383,0.4038294055779408,-0.5727350051080454
1.5980336668947832,-0.5517018741206735,1.6865909127446481,1.6848083747379192,0.6156725856702965,1.055454146627927,0.5311364816549169,-0.029413597892455925,-0.2895598389885484,0.23976389947406432,-0.008707285782710036,0.05860455184058057
-2.064893583531837,0.6292861753236346,-0.1479836250317657,0.16055320943717313,0.18157098767943833,0.5256561828512256,-0.3119138474411767,-0.0451280615951878,0.03331171105746747,0.25157972046084004,-0.48332490378354764,-0.3401160458530569
1.347821953332356,-1.5126619901643783,-0.18901457040746966,0.16804994598780532,-0.3876651502139631,0.05727723300590634,0.46265668944308835,0.0716610932681674,-0.24625056367905404,0.03301025379117961,-0.22617489982305028,0.06348496074014293
-2.8891950511824454,-0.8107200739477306,-0.6210579813373043,0.4082746555515091,-0.38812310342357786,0.23780196800539352,-0.42409657337044077,-0.30550234347209426,-0.09706637301379507,-0.3335153985457549,0.3414716332387733,0.5520415007534178
-0.32722569627924225,0.4818406407921054,-1.0302883242026288,-1.0736397982968233,-0.45524179195037734,0.8745931180438803,1.055714732819305,0.1069310470544422,0.03598145284600999,-0.7523177061930043,-0.03810833993079932,-0.5060941881632212
1.8501719490818929,-0.4516610332757166,0.898454923325047,1.78658294610282,2.020131605502967,0.17875274102127278,-0.14177963511322422,-0.7787506099047599,0.43771271991375815,-0.5969561792131928,0.5947329703306166,-0.25393091306978244
2.2147112980301236,0.37511602046756165,-1.9826556030630407,0.5523863461871759,-0.4738164175297677,-0.5936314702641982,0.10056059074776691,-0.1546967972060851,-0.2027847423898076,0.960828522323937,0.7686731444357217,-0.11809740464482127
-0.12442684373653702,-0.5317398638225913,0.1271246778203417,-0.7710804735018706,0.05863480311850389,0.6958094138541494,0.18658033029804222,1.100978761155149,-0.3243655967163824,-0.5701976365693621,0.23666936923076273,0.8315433837412589
-0.921777920180123,0.3625118426069916,-0.2229557232929451,-0.5425377803156447,-0.17610421078742317,-0.4840814985862414,0.9538767348092122,0.4261824037873946,0.47992927906208216,-0.8130883166224898,-0.0900463486346804,0.870139115300631
-1.3819250938559484,0.195338330670622,0.29021853652422797,-0.5057744919334833,0.5924827185441062,0.41053607426207583,0.06150130313182756,-0.04097719386972005,-0.5917546255066235,-0.10524157868246142,0.43720603832282895,0.6910281903387697
0.9474895915025069,0.6814934064621989,-1.0269867397331685,-1.084991659774311,0.2858146609291676,-0.4805563877519124,0.3453862702683661,1.3209887302131587,-0.04992565208615413,-0.18400514369969803,-0.8059683150353483,-0.0004911679306040057
-0.5901672843446205,1.5808807399626368,0.8424949051588699,0.734727895851697,0.6475586046026218,0.8859022913972578,-0.4039769260624118,-0.5802752756554256,-0.10971253687033035,-0.3538939044320634,0.34114165743008834,0.6532665441405348
0.23101097159507633,-2.4466341346850227,-0.901290114234896,0.9637831267779833,0.1606353848822975,0.3641952513660822,0.14522575158593992,-0.9510381595371866,-0.029204993807479936,0.2673533535934959,0.16091915217687594,0.011195883572299862
2.0774211255857056,-0.9275621001564296,-1.3592720172135402,0.4888877770463679,0.8356065330388527,-0.38363017249353,1.3218753086558896,-1.1343600928766606,0.4988466206118351,-0.18703183848406793,-0.49955949418893414,0.17573304148139351
0.30028740929966463,-0.8925881587368638,0.3745063133968549,-1.528524170148308,-0.5003484046089739,0.3288531877958295,0.28170532034846874,-0.3019805695782799,-1.2318655841408126,0.6054531650856543,-0.050196934204580955,-0.17461316407201197
-2.916569940816692,-0.9556388873043531,-0.9582595123898164,-0.16210463377384896,0.053543021023417646,0.15212810167096158,0.12681868971848095,-0.2966157226747895,-0.33032149154678503,-0.23078373280956424,0.28821666435907833,0.5505008007872555
2.1997752148980454,-0.5693808117061913,-1.4255120414785285,-1.7346914773678006,-1.275738282215364,-0.8337217754091224,-1.1466141724888366,0.4320216530316761,0.657301317282261,-0.19902152421166358,1.17422773545563,-0.4207569661309526
1.069802123987094,-0.5101477963077442,0.20719268855908857,-0.6284091345086281,-1.485627385756967,0.8670682183257791,0.15182676724342498,0.3747974333284971,-0.4144619808859676,0.04074720201305309,-0.20841097718660925,-0.019066286045576
-0.174649605370903,-1.2567851545448807,0.9565406438522761,0.6649605272356024,-0.00038725875486174155,0.6528065917974264,-0.574530512979967,1.0157837342325233,0.26779621320603225,-0.5386997070577902,0.21296372361556756,0.3012617443122948
2.1698196549178097,-0.6266294189809821,-1.4244556100049555,-0.3553273346972147,1.2889045811916477,0.7360421474268741,0.605986639642395,0.4618790525716177,0.15190493123496787,0.16463900263045358,1.1200081773372967,-0.43466894519058336
1.1350549154908065,-2.402341978335118,-0.7995877214201439,-1.2186500613500189,-0.8083825110828727,0.506038516470214,0.3905860732005248,0.12767896295082495,-0.30380721576703523,0.018965804852863453,-0.22147353551175955,0.04810688512313555
-0.987411645536848,0.6368485550492783,-0.01349638652188826,-0.42831665987349316,0.27830221250939774,-0.9449002667074254,0.15194258751979586,0.6079948211869384,-1.0787316939594194,-0.1266956056987033,0.24986779387845012,0.660332910150517
-2.5011634968479344,-0.4487537961949423,-1.4228882350300078,0.019346499322687276,-0.38028113104715555,0.2745121510651996,-0.6746823474443553,-0.07951301241922927,0.15440747831093266,0.136787293570173,-0.5066540433521457,-0.36111487298765893
